题目ID,学科一级分类,学科二级分类,题目难度,任务概要,涉及的专业软件,包含的操作类型,任务prompt‼️,输入数据包（压缩包）‼️,reference（压缩包）‼️,关键标准答案‼️,关键动作,评分表（直接输入内容或使用txt文档）‼️,本项任务的环境依赖,相关专业软件的关键步骤,任务规格转化（excel或txt文档）,初标是否已完成,生产专家,完成日期
,"Computing, Data & Mathematical Sciences 计算、数据与数学科学",基础设施工程与云运维,高,可观测平台的旧Chart会把租户提供的标题和查询片段交给tpl执行，版本组准备在下个维护窗停掉这条入口。使用Helm把租户目录改成结构化字段，由Chart生成双环境ConfigMap，并留下字段迁移表和候选清单供观测团队核对。,Helm,领域专业软件操作、文件和数据处理、脚本/命令/程序化处理、结果验证,"可观测平台允许租户定制仪表盘标题和查询，旧Chart却把这些文案直接交给tpl执行。版本组准备在下个维护窗停掉片段入口，现有租户的标题和查询仍要保持原意。主软件使用Helm，工作环境为Windows11。

tenant_catalog.csv记录租户名称、指标和查询窗口，environment_values.csv列出两个发布环境。migration_policy.json限定可用指标、窗口和标题分隔方式，change_request.md说明本次变更，starter保存旧Chart。

把租户配置改成tenantId、displayName、metricName和window四类结构化字段，values不再接收titleFragment或queryFragment。Chart根据租户和环境字段生成标题与PromQL，每个环境都要通过Helm检查并形成候选ConfigMap清单。

观测团队会先看字段迁移表，再从对象清单核对租户、环境、标题和查询。提交中保留新Chart、两个环境values、候选清单和说明材料，现场应用与仪表盘观察由维护窗值班继续处理。",输入数据包.zip,reference.zip,关键标准答案.xlsx,"核对租户目录、环境值、迁移策略与旧Chart中的片段入口。
把租户标题和查询拆成名称、指标与时间窗口等结构化字段。
调整Chart模板和values约束，由明确字段生成ConfigMap标题与PromQL。
用Helm检查新Chart，分别生成development和production候选清单。
整理仪表盘对象清单、字段迁移表和发布说明，交给观测团队复核。","检查项：交付材料完整性
优先级：Gate项
所属层级：L1任务指令遵循层
标准答案：output包含chart/tenant-dashboards、values/development.yaml、values/production.yaml、renders/development.yaml、renders/production.yaml、reports/dashboard_inventory.csv、reports/migration_map.csv、tools/build_delivery.py、RELEASE-NOTES.md和README.txt。
关键字段：固定路径、Chart文件、双环境values、候选清单、两份CSV和说明材料。
容差：YAML键序、缩进和注释可以变化，固定路径及材料用途无容差。
失败边界：缺少新Chart、任一环境values、任一候选清单、任一业务报告或构建入口。
可观察证据：交付目录、关键标准答案的交付物清单和Reference文件树。
客观硬性标准：全部固定路径存在，文件可由对应工具打开。
阈值：固定路径缺失数和不可解析文件数均为0。

检查项：业务材料使用与追溯
优先级：Gate项
所属层级：L3输入数据导入与完整性层
标准答案：租户目录决定tenantId、displayName、metricName和window，环境表决定发布名、命名空间、label与cluster，迁移策略决定指标集合、窗口集合和标题分隔方式，旧Chart用于确认待移除入口。
关键字段：tenant_id、display_name、metric_name、window、environment、release_name、namespace、label、cluster、allowed_metrics和allowed_windows。
容差：输入行序可以变化，按tenant_id与environment连接后字段值无容差。
失败边界：漏用任一业务材料、字段由程序内置、输入引用无法追溯或修改原材料。
可观察证据：四类业务材料、双环境values、字段迁移表和对象清单。
客观硬性标准：每类输入都有明确消费者，租户和环境集合与输入一致。
阈值：未使用材料数、租户集合差异数、环境集合差异数和输入变化数均为0。

检查项：可执行片段入口移除
优先级：Gate项
所属层级：L7产物结构与Schema层
标准答案：新Chart及环境values中不存在titleFragment、queryFragment和tpl调用，租户项只含tenantId、displayName、metricName与window。
关键字段：templates、values.yaml、development.yaml、production.yaml、tenantId、displayName、metricName、window。
容差：模板文件名可以变化，字段集合和tpl调用数无容差。
失败边界：保留任一片段字段、模板继续执行租户文本、增加等价的自由文本执行入口或租户项带额外字段。
可观察证据：交付Chart、双环境values、migration_map.csv和文本搜索结果。
客观硬性标准：片段字段命中数、tpl调用数、租户额外字段数均为0，tenant_text_executed全部为false。
阈值：任一命中或额外字段即失败。

检查项：values字段约束
优先级：高权重项
所属层级：L7产物结构与Schema层
标准答案：values.schema.json要求environment与tenants，限制未知字段；环境含label和cluster，租户含tenantId、displayName、metricName与window，指标和窗口集合来自migration_policy.json。
关键字段：type、additionalProperties、required、properties、items、enum、pattern和minLength。
容差：JSON键序可以变化，等价非空约束可以变化，字段与枚举集合无容差。
失败边界：允许未知顶层或租户字段、漏掉必填项、metricName或window不受策略集合约束。
可观察证据：values.schema.json、migration_policy.json和双环境values。
客观硬性标准：全部结构化字段受约束，指标与窗口枚举和策略集合相等。
阈值：未约束字段数、必填缺失数和枚举集合差异数均为0。

检查项：Helm双环境候选清单
优先级：Gate项
所属层级：L8运行验证层
标准答案：development与production均通过Helm检查，每份候选清单为每个tenant_id生成一个ConfigMap，发布名与命名空间来自environment_values.csv。
关键字段：release_name、namespace、kind、metadata.name、tenant-id、environment和ConfigMap集合。
容差：YAML文档顺序和键序可以变化，按environment与tenant_id比较。
失败边界：helm lint或helm template失败、环境漏处理、对象缺失或增加、命名空间串用。
可观察证据：Helm退出码、环境表、双环境候选清单和dashboard_inventory.csv。
客观硬性标准：两个环境均成功渲染，每个环境的ConfigMap集合等于租户集合。
阈值：Helm失败数、环境差异数和对象集合差异数均为0。

检查项：标题与查询生成
优先级：高权重项
所属层级：L6领域计算与专业规则层
标准答案：title.txt由display_name、策略分隔符和环境label组成；query.promql按sum_rate规则使用metric_name、tenant_id、cluster与window生成，不执行租户文本。
关键字段：title.txt、query.promql、display_name、label、metric_name、tenant_id、cluster和window。
容差：YAML外层引号样式可以变化，解析后的标题与查询值无容差。
失败边界：标题或查询使用错误环境、租户串值、指标或窗口不在策略内、查询从自由文本复制或出现模板动作残留。
可观察证据：租户目录、迁移策略、环境表、候选清单和对象清单。
客观硬性标准：每个对象的标题与查询可从对应租户和环境字段逐项复算。
阈值：标题差异数、查询差异数、跨租户串值数和残留模板动作数均为0。

检查项：对象清单与字段迁移表
优先级：普通项
所属层级：L9跨产物一致性与可追溯层
标准答案：dashboard_inventory.csv覆盖环境与租户笛卡尔积，记录发布名、命名空间、ConfigMap名称、标题和查询；migration_map.csv覆盖全部租户并记录源字段、目标字段及tenant_text_executed为false。
关键字段：environment、release_name、namespace、tenant_id、configmap_name、title、query、source_fields、destination_fields和tenant_text_executed。
容差：行序可以变化，按environment与tenant_id连接，字段值无容差。
失败边界：对象清单缺行或多行、与候选清单不一致、迁移表漏租户或声称仍执行租户文本。
可观察证据：两份CSV、双环境候选清单与输入租户目录。
客观硬性标准：对象清单集合等于环境与租户组合，迁移表租户集合等于输入租户集合。
阈值：组合差异数、字段偏差数和迁移租户差异数均为0。

检查项：发布说明与业务边界
优先级：辅助项
所属层级：L1任务指令遵循层
标准答案：RELEASE-NOTES.md说明租户片段已迁为结构化字段，观测团队先核对对象清单，维护窗值班负责现场应用和仪表盘观察；README说明Chart、values、renders和reports的用途。
关键字段：结构化字段、dashboard_inventory.csv、维护窗、chart、values、renders和reports。
容差：措辞和段落组织可以变化，职责与材料用途不可写错。
失败边界：把候选清单写成已经上线、遗漏观测团队或值班职责、引用不存在的文件或材料用途错误。
可观察证据：RELEASE-NOTES.md、README.txt和实际交付目录。
客观硬性标准：现场状态没有被提前宣称，主要材料用途与岗位职责完整。
阈值：状态误述数、不存在文件引用数和职责缺失数均为0。","支持的操作系统为Windows11。主软件为Helm3.18.4，使用原生helm.exe检查Chart并生成候选清单。Helm按ApacheLicense2.0使用。

辅助工具包括PowerShell7、Python3.12、UTF-8文本编辑器、CSV查看器和JSON查看器。Python负责读取本地业务材料、准备环境values并整理清单中的对象字段，Helm负责Chart检查和模板渲染。

软件安装阶段可以联网，开始处理材料后只访问本地文件，不需要Kubernetes集群、kubeconfig或外部服务。操作者需要读取输入目录并在本地新建输出目录，不需要生产平台权限。

材料为脱敏构造的租户与环境记录。主要风险是租户片段入口仍留在values、双环境字段串用、查询指标或时间窗口绕过迁移策略，以及对象清单与字段迁移表不一致。","1.读取starter Chart，定位values中的titleFragment、queryFragment及模板内tpl调用。
2.根据tenant_catalog.csv和migration_policy.json建立结构化租户values，移除可执行片段字段。
3.调整values.schema.json，约束tenantId、displayName、metricName、window和环境字段。
4.改写ConfigMap模板，由租户名称、环境标签、指标、租户ID、集群和窗口拼出标题与PromQL。
5.分别为development与production生成values，运行helm lint检查Chart。
6.按release_name与namespace执行helm template，保存两个环境的候选清单。
7.解析清单并生成对象清单、字段迁移表和发布说明，核对租户与环境对应关系。",任务规格转化.xlsx,是,用户883679,2026-08-12
